duty_name,duty_addr,wgs84lon,wgs84lat,dutyTel,dutyEmclsName
(의)내경의료재단울산제일병원,울산광역시 남구 남산로354번길 26 (신정동),129.30701143429678,35.54823820112527,"052-220-3300, 052-220-3334",응급실운영신고기관
(의)서일의료재단기장병원,부산광역시 기장군 기장읍 대청로72번길 6,129.21649161387128,35.23602946449906,"051-723-0171, 051-723-2119",지역응급의료기관
(의)성세의료재단 뉴성민병원,"인천광역시 서구 칠천왕로33번길 17 (석남동, 신석로 70(석남1동, 성민병원))",126.669478649026,37.5089936801167,"032-726-1000, 032-726-1190",지역응급의료기관
(의)영문의료재단다보스병원,"경기도 용인시 처인구 백옥대로1082번길 18, 다보스종합병원 (김량장동)",127.21049868474802,37.234641294534285,"031-8021-2114, 031-8021-2130",지역응급의료센터
(의)효심의료재단용인서울병원,경기도 용인시 처인구 고림로 81 (고림동),127.2144914405,37.240316373,"031-337-0114, 031-336-0119",지역응급의료기관
(재)미리내천주성삼성직수도회천주성삼병원,"대구광역시 수성구 달구벌대로 3190 (신매동, 천주성삼병원)",128.70573339664242,35.84022544517349,"053-790-1000, 053-790-0555",지역응급의료기관
KS병원,광주광역시 광산구 왕버들로 220 (수완동),126.83322475289853,35.197963178976366,"062-975-9000, 062-975-9119",지역응급의료센터
가톨릭관동대학교국제성모병원,"인천광역시 서구 심곡로100번길 25 (심곡동, 인천국제성모병원)",126.68360486878781,37.542372653918065,"1600-8291, 032-290-3065",지역응급의료센터
가톨릭대학교 인천성모병원,인천광역시 부평구 동수로 56 (부평동),126.724708130675,37.4845586499062,"032-280-6364, 032-280-6107",지역응급의료센터
가톨릭대학교부천성모병원,"경기도 부천시 원미구 소사로 327, 가톨릭대학교 부천성모병원 (소사동)",126.79243459154999,37.4874477394264,"032-1577-0675, 032-340-2100",지역응급의료센터
가톨릭대학교성빈센트병원,경기도 수원시 팔달구 중부대로 93 (지동),127.02744945028702,37.27792234538125,"031-1577-8588, 031-249-7370",지역응급의료센터
가톨릭대학교여의도성모병원,"서울특별시 영등포구 63로 10, 여의도성모병원 (여의도동)",126.93673129599131,37.51827233800711,"1661-7575, 02-3779-1188",지역응급의료센터
가톨릭대학교은평성모병원,서울특별시 은평구 통일로 1021 (진관동),126.91615048739686,37.633608409726854,"02-1811-7755, 02-1811-7755",지역응급의료센터
가톨릭대학교의정부성모병원,"경기도 의정부시 천보로 271, 의정부성모병원 (금오동)",127.07767290194454,37.75865547828227,"1661-7500, 031-820-5200",권역응급의료센터
강남고려병원,서울특별시 관악구 관악로 242 (봉천동),126.956781703053,37.4856188363947,"1661-8267, 02-874-7227",응급실운영신고기관
강남더드림병원,"서울특별시 강남구 선릉로 404, 더드림병원 (대치동)",127.050967336445,37.5009902618151,"02-1661-1177, 070-4676-5002",응급실운영신고기관
강남베드로병원,"서울특별시 강남구 남부순환로 2649, 베드로병원 (도곡동)",127.0395873429168,37.485612179925724,"1544-7522, 1544-7522",응급실운영신고기관
강남병원,"경기도 용인시 기흥구 중부대로 411, 강남병원 (신갈동)",127.11140719951389,37.27377983891884,"031-300-0114, 031-300-0119",지역응급의료센터
강남종합병원,"대구광역시 동구 동촌로 207, 강남병원 (방촌동)",128.66345602650745,35.88300855242191,"053-980-9000, 053-980-9018",지역응급의료기관
강남힐병원,"서울특별시 관악구 남부순환로 1449, 강남힐병원 (신림동)",126.911648078471,37.4816513439454,"02-853-4600, 02-853-9100",응급실운영신고기관
강동경희대학교의대병원,서울특별시 강동구 동남로 892 (상일동),127.157084787845,37.5520459324005,"02-440-7114, 02-440-7000",권역응급의료센터
강릉아산병원,강원특별자치도 강릉시 사천면 방동길 38,128.85771413305145,37.818426685036066,"033-610-3114, 033-610-3333",권역응급의료센터
강병원,경상남도 고성군 고성읍 중앙로 49,128.32528942283565,34.97415924940364,"055-673-0101, 055-673-4848",지역응급의료기관
강북삼성병원,서울특별시 종로구 새문안로 29 (평동),126.96793805451702,37.568497631233825,"02-2001-2001, 02-2001-1000",지역응급의료센터
강북으뜸병원,"서울특별시 강북구 도봉로 187, 지하1층, 2층~5층 (미아동)",127.026184524499,37.6254205559935,"02-986-0334, 02-986-0334",응급실운영신고기관
강서케이병원,"서울특별시 강서구 가로공원로 187, 나누리강서병원 지1층~7층 (화곡동)",126.836699017573,37.5373576230977,"02-1833-7530, 02-6905-8585",응급실운영신고기관
강원대학교병원,강원특별자치도 춘천시 백령로 156 (효자동),127.74448573764938,37.87497158192399,"033-258-2000, 033-258-2245",지역응급의료센터
강원특별자치도강릉의료원,강원특별자치도 강릉시 경강로 2007 (남문동),128.8887963251862,37.74931042017154,"033-610-1200, 033-610-1234",지역응급의료기관
강원특별자치도삼척의료원,강원특별자치도 삼척시 오십천로 418 (남양동),129.16370014395005,37.44027922704624,"033-572-1141, 033-570-7431",지역응급의료센터
강원특별자치도속초의료원,강원특별자치도 속초시 영랑호반길 3 (영랑동),128.5891194514502,38.21622784728713,"033-630-6000, 033-630-6036",지역응급의료센터
강원특별자치도영월의료원,강원특별자치도 영월군 영월읍 중앙1로 59-  ( ),128.46530529870284,37.186588403987926,"033-370-9101, 033-370-9129",지역응급의료기관
강원특별자치도원주의료원,"강원특별자치도 원주시 서원대로 387 (개운동, 지방공사강원도원주의료원)",127.94896203327231,37.332496031537154,"033-761-6911, 033-760-4701",지역응급의료기관
강일병원,경상남도 김해시 가락로 359 (구산동),128.869611099,35.2567043538,"055-822-0100, 055-822-0119",지역응급의료기관
거창적십자병원,경상남도 거창군 거창읍 중앙로 91,127.90877080146283,35.686801911628535,"0559443251, 055-949-3359",지역응급의료기관
건국대학교병원,서울특별시 광진구 능동로 120-1 (화양동),127.0721229093036,37.54084479467721,"1588-1533, 02-2030-5555",지역응급의료센터
건국대학교충주병원,충청북도 충주시 국원대로 82 (교현동),127.92863660615964,36.97897509717851,"043-840-8593, 043-840-8330",지역응급의료센터
검단탑병원,인천광역시 서구 청마로19번길 5 (당하동),126.6710400927469,37.59241914491385,"032-590-0114, 032-590-0077",지역응급의료센터
경기도의료원수원병원,경기도 수원시 장안구 수성로245번길 69 (정자동),126.99638776108885,37.29188165276277,"031-888-0114, 031-888-0119",지역응급의료기관
경기도의료원안성병원,"경기도 안성시 남파로 95, 경기도의료원 안성병원 (당왕동)",127.26033944589187,37.01736702955601,"031-8046-5000, 031-8046-5119",지역응급의료기관
경기도의료원의정부병원,경기도 의정부시 흥선로 142 (의정부동),127.04255485020957,37.74108830096243,"0318285000, 031-828-5119",지역응급의료기관
경기도의료원이천병원,경기도 이천시 경충대로 2742 (관고동),127.43266388888888,37.282694444444445,"031-630-4200, 031-630-4333",지역응급의료센터
경기도의료원파주병원,"경기도 파주시 중앙로 207, 경기도립의료원파주병원 (금촌동)",126.779637936,37.7548802103,"031-940-9100, 031-940-9119",지역응급의료센터
경기도의료원포천병원,경기도 포천시 포천로 1648 (신읍동),127.1983186069986,37.903264018475866,"031-539-9114, 031-539-9119",지역응급의료센터
경북대학교병원,"대구광역시 중구 동덕로 130 (삼덕동2가, 경북대학교병원)",128.60431466100362,35.866235497221617,"053-200-5114, 053-200-5100",권역응급의료센터
경상국립대학교병원,경상남도 진주시 강남로 79 (칠암동),128.09564813723503,35.176340165507916,"055-750-8000, 055-750-8282",권역응급의료센터
경상남도마산의료원,경상남도 창원시 마산합포구 3·15대로 231 (중앙동3가),128.56551976148475,35.19906819846745,"055-249-1000, 055-249-1119",지역응급의료기관
경상북도김천의료원,경상북도 김천시 모암길 24 (모암동),128.12649330522635,36.12249076001089,"054-432-8901, 054-429-8234",지역응급의료기관
경상북도안동의료원,"경상북도 안동시 태사2길 55 (북문동, 470)",128.73213342858523,36.56826733448251,"054-850-6000, 054-850-6100",지역응급의료기관
경상북도포항의료원,"경상북도 포항시 북구 용흥로 36 (용흥동, (용흥동))",129.3549930430143,36.03462413480262,"054-247-0551, 054-245-0129",지역응급의료기관
경찰병원,"서울특별시 송파구 송이로 123, 국립경찰병원 (가락동)",127.12348793503201,37.496413213560785,"02-3400-1114, 02-3400-1300",지역응급의료기관
경희대학교병원,서울특별시 동대문구 경희대로 23 (회기동),127.05183223390303,37.5938765502235,"02-958-8114, 02-958-8114",지역응급의료센터
계명대학교경주동산병원,경상북도 경주시 봉황로 65 (서부동),129.20964031186756,35.84545696334947,"054-770-9500, 054-770-9420",응급실운영신고기관
계명대학교대구동산병원,"대구광역시 중구 달성로 56, 계명대학교대구동산병원 (동산동)",128.5829311080459,35.869459650891685,"053-250-8114, 053-250-8481",지역응급의료기관
계명대학교동산병원,대구광역시 달서구 달구벌대로 1035 (신당동),128.48012966656532,35.85388728949212,"053-1577-6622, 053-258-6301",지역응급의료센터
고려대학교의과대학부속구로병원,"서울특별시 구로구 구로동로 148, 고려대부속구로병원 (구로동)",126.8847449363546,37.49211114525054,"02-2626-1114, 02-2626-1550",권역응급의료센터
고려대학교의과대학부속안산병원,경기도 안산시 단원구 적금로 123 (고잔동),126.8250018362211,37.31885818300129,"031-1577-7516, 031-412-5381",권역응급의료센터
고신대학교복음병원,부산광역시 서구 감천로 262 (암남동),129.01572016067405,35.08029169184386,"051-990-6114, 051-990-6200",지역응급의료센터
곡성사랑병원,전라남도 곡성군 곡성읍 곡성로 761,127.2879760334259,35.27628370526432,"061-360-6000, 061-360-6008",지역응급의료기관
곽병원,대구광역시 중구 국채보상로 531 (수동),128.58872807724623,35.870693147975665,"053-252-2401, 053-605-3333",지역응급의료기관
광명성애병원,"경기도 광명시 디지털로 36, 광명성애병원 (철산동)",126.87192258470483,37.4734614743463,"02-2680-7114, 02-2680-7115",지역응급의료센터
광양사랑병원,전라남도 광양시 공영로 71 (중동),127.6969510970332,34.93614549410383,"061-797-7000, 061-797-7119",지역응급의료기관
광주기독병원,광주광역시 남구 양림로 37 (양림동),126.91198438867642,35.136682861070376,"062-650-5000, 062-650-5119",지역응급의료센터
광주병원,광주광역시 북구 면앙로139번길 51 (두암동),126.9281507303555,35.178949208210625,"062-260-7000, 062-260-7119",지역응급의료기관
광주보훈병원,광주광역시 광산구 첨단월봉로 99 (산월동),126.84947860623933,35.207797211036485,"062-602-6021, 062-602-6119",지역응급의료기관
광주센트럴병원,"광주광역시 광산구 수완로 6, A동1,3,5,6층/B동동 (신가동)",126.82909951503984,35.185893735732634,"062-950-9700, 062-960-5119",지역응급의료기관
광주수완병원,광주광역시 광산구 임방울대로 370 (수완동),126.82420927535313,35.19303617477934,"062-958-1111, 062-958-1119",지역응급의료기관
광주씨티병원,광주광역시 남구 서문대로654번길 5 (진월동),126.8995475485602,35.11776253778263,"062-460-7000, 062-460-7119",지역응급의료기관
광주열린병원,광주광역시 광산구 송도로 271 (송정동),126.79889471288638,35.13768234340966,"062-610-9000, 062-610-9119",응급실운영신고기관
광주일곡병원,광주광역시 북구 양일로 309 (일곡동),126.89760857687219,35.20286119554041,"062-608-7013, 062-608-7119",지역응급의료기관
광주한국병원,광주광역시 서구 월드컵4강로 223 (쌍촌동),126.86880878336211,35.15618108764772,"062-380-3000, 062-380-3119",지역응급의료기관
광주현대병원,광주광역시 북구 설죽로 291 (용봉동),126.89798149528589,35.18565646419727,"062-570-0336, 062-570-0119",지역응급의료기관
광주희망병원,광주광역시 북구 하서로 429 (용두동),126.87471568685204,35.21344678097714,"062-608-6000, 062-608-6119",지역응급의료기관
구례병원,전라남도 구례군 구례읍 동편제길 4,127.46406009751603,35.215900947788214,"061780-3300, 061-780-3200",지역응급의료기관
구로성심병원,"서울특별시 구로구 경인로 427, 구로성심병원 (고척동)",126.86636039556485,37.49964578669388,"02-2067-1500, 02-2067-1515",지역응급의료기관
구미강동병원,경상북도 구미시 인동20길 46 (진평동),128.42297791647263,36.096198858616574,"054-453-7575, 054-478-9521",지역응급의료기관
구포성심병원,부산광역시 북구 낙동대로 1786 (구포동),129.0047510374652,35.20971002878793,"051-330-2001, 051-330-2090",지역응급의료기관
국군수도병원,경기도 성남시 분당구 새마을로177번길 81 (율동),127.14858611111111,37.39186666666668,"031-725-6075, 031-725-6119",지역응급의료기관
국립암센터,경기도 고양시 일산동구 일산로 323 (마두동),126.78327945120733,37.664170778165285,"031-920-0114, 031-920-0119",지역응급의료기관
국립중앙의료원,"서울특별시 중구 을지로 245, 국립중앙의료원 (을지로6가)",127.00579539705472,37.56733955813183,"02-2260-7114, 02-2276-2114",지역응급의료센터
국민건강보험공단일산병원,"경기도 고양시 일산동구 일산로 100 (백석동,백석1동 1241외1필지 4층)",126.792204040477,37.64530592402248,"1577-0013, 031-900-0761",권역응급의료센터
굿모닝병원,울산광역시 남구 삼산로 110 (달동),129.31995893362847,35.535010719916684,"052-259-9000, 052-259-9119",응급실운영신고기관
근로복지공단 창원병원,경상남도 창원시 성산구 창원대로 721 (중앙동),128.6715437456084,35.21861866618743,"055-280-7777, 055-280-0400",응급실운영신고기관
근로복지공단대전병원,대전광역시 대덕구 계족로 637 (법동),127.42849985514822,36.36857686754784,"042-670-5419, 042-670-5119",응급실운영신고기관
근로복지공단동해병원,"강원특별자치도 동해시 하평로 11-  (평릉동, (평릉동))",129.1058560226859,37.53232311891651,"033-530-3100, 033-530-3119",지역응급의료기관
근로복지공단순천병원,전라남도 순천시 조례1길 24 (조례동),127.524525911996,34.960325022571,061-720-7575,응급실운영신고기관
근로복지공단안산병원,"경기도 안산시 상록구 구룡로 87, 근로복지공단안산병원 (일동)",126.87402848671928,37.31687107499767,"031-500-1114, 031-500-1119",지역응급의료기관
근로복지공단인천병원,인천광역시 부평구 무네미로 446 (구산동),126.75331590774624,37.476349746510174,032-500-0114,응급실운영신고기관
근로복지공단정선병원,강원특별자치도 정선군 정선읍 봉양1길 145,128.658420530712,37.3829238141538,"033-560-7100, 033-560-7150",지역응급의료기관
근로복지공단태백병원,강원특별자치도 태백시 보드미길 8 (장성동),129.0042870499601,37.10404228529155,"033-580-3114, 033-580-3119",지역응급의료기관
금일마취통증의학과의원,"전라남도 완도군 금일읍 감목길 5, 금일마취통증의학과의원",127.0297611902535,34.349483798831656,061-553-3577,응급실운영신고기관
기쁨병원,"서울특별시 서초구 서초중앙로 4, 기쁨병원 (서초동)",127.018063486739,37.482713030212,02-570-1234,응급실운영신고기관
김제우석병원,전북특별자치도 김제시 서암4길 45 (서암동),126.87969956139741,35.80673935689978,"063-540-5114, 063-540-5119",지역응급의료기관
나사렛종합병원,"대구광역시 달서구 월배로 97, 나사렛병원 (진천동)",128.525094795643,35.8147002604042,"053-643-1400, 053-643-3119",지역응급의료기관
나은필병원,"충청남도 천안시 동남구 만남로 64, 1층일부,4~9층 (신부동)",127.159326385319,36.8191502671463,"041-417-0001, 041-417-1191",응급실운영신고기관
나주종합병원,전라남도 나주시 영산로 5419 (성북동),126.721436111111117,35.036402777777781,"061-330-6114, 061-330-6112",지역응급의료기관
남양주한양병원,경기도 남양주시 오남읍 양지로 47-55,127.2043136287129,37.682380941575715,"031-510-0114, 031-510-0119",지역응급의료센터
노원을지대학교병원,"서울특별시 노원구 한글비석로 68, 을지병원 (하계동)",127.07000281991385,37.636442927386746,"02-970-8000, 02-970-8282",지역응급의료센터
녹색병원,서울특별시 중랑구 사가정로49길 53 (면목동),127.08605546969357,37.58362083896108,"02-490-2000, 02-490-2113",지역응급의료기관
뉴대성병원,"경기도 부천시 원미구 부천로 91, ,부흥로373번길18, 부흥로377(기존디에스병원A동) (심곡동)",126.78381841037,37.492016398433044,"032-610-1111, 032-610-1100",응급실운영신고기관
단국대학교의과대학부속병원,"충청남도 천안시 동남구 망향로 201 (안서동, 단국대학교의과대학부속병원)",127.17327537305154,36.84295215169462,"041-550-7114, 041-550-6840",권역응급의료센터
단양군보건의료원,"충청북도 단양군 단양읍 삼봉로 53, 단양군보건의료원",128.36667620351827,36.984540593096746,043-420-3201,응급실운영신고기관
담양사랑병원,전라남도 담양군 담양읍 천변7길 19,126.98263077003997,35.31524596036869,"061-380-9000, 061-380-9119",지역응급의료기관
당진종합병원,충청남도 당진시 반촌로 5-15 (시곡동),126.68435813411776,36.90439755063778,"041-357-0100, 041-358-3624",지역응급의료센터
대구가톨릭대학교병원,대구광역시 남구 두류공원로17길 33 (대명동),128.56742621424615,35.843065593522674,"053-650-3000, 053-650-3025",지역응급의료센터
대구가톨릭대학교칠곡가톨릭병원,대구광역시 북구 칠곡중앙대로 440 (읍내동),128.54925198548904,35.934879518784534,"053-320-2500, 053-320-2111",지역응급의료기관
대구굿모닝병원,대구광역시 남구 성당로 224 (대명동),128.5740666762668,35.85296709243215,"053-620-9100, 053-620-9119",지역응급의료기관
대구의료원,대구광역시 서구 평리로 157 (중리동),128.5405609266984,35.859623434747526,"053-560-7575, 053-560-7288",지역응급의료기관
대구파티마병원,대구광역시 동구 아양로 99 (신암동),128.62383509209542,35.88393360650045,"053-1688-7770, 053-940-7119",지역응급의료센터
대동병원,부산광역시 동래구 충렬대로 187 (명륜동),129.08021549527504,35.204273174435535,"051-554-1233, 051-550-9391",지역응급의료센터
대림성모병원,"서울특별시 영등포구 시흥대로 657 (대림동, 대림성모병원)",126.90716948025135,37.49068925436284,"02-829-9000, 02-829-9129",지역응급의료기관
대송의료재단무안병원,전라남도 무안군 무안읍 몽탄로 65,126.48926066040337,34.99175918279295,"061-450-3000, 061-450-3119",지역응급의료기관
대아의료재단한도병원,경기도 안산시 단원구 선부광장로 103 (선부동),126.80765584591039,37.334033447174896,"031-8040-1114, 031-8040-1129",지역응급의료센터
대자인병원,"전북특별자치도 전주시 덕진구 견훤로 390 (우아동3가,(우아동3가))",127.153316348062,35.84599245880299,"063-240-2000, 063-250-8701",지역응급의료센터
대전보훈병원,대전광역시 대덕구 대청로82번길 147 (신탄진동),127.43940812262,36.4469365928189,"042-939-0111, 042-939-0100",지역응급의료기관
대전한국병원,대전광역시 동구 동서대로 1672 (성남동),127.43575049626224,36.34831776122198,"042-606-1000, 042-606-1119",지역응급의료기관
대전화병원,대전광역시 동구 동대전로 39 (신안동),127.43918933617724,36.328994974921144,"042-620-7575, 070-7609-3531",응급실운영신고기관
대진의료재단분당제생병원,경기도 성남시 분당구 서현로180번길 20 (서현동),127.12132819639598,37.387871379956906,"031-779-0114, 031-779-0119",지역응급의료센터
대청병원,"대전광역시 서구 계백로 1322 (정림동, 대청병원)",127.37055327992432,36.308286328996566,"1899-6075, 042-589-0119",지역응급의료기관
더 조은병원,경상남도 고성군 고성읍 동외로 142,128.3262148441529,34.97372179164495,"055-672-1111, 055-804-8888",응급실운영신고기관
더블유병원,"대구광역시 달서구 달구벌대로 1632, 1634(2~7층) 더블유병원 (감삼동)",128.54496871658273,35.85264247289801,"053-550-5000, 053-550-5019",지역응급의료기관
동국대학교의과대학경주병원,경상북도 경주시 동대로 87 (석장동),129.19669937927446,35.85839884416154,"054-748-9300, 054-770-8306",지역응급의료센터
동국대학교일산불교병원,"경기도 고양시 일산동구 동국로 27 (식사동, 동국대학교일산병원)",126.8055658392,37.67643677699999,"031-1577-7000, 031-961-7777",지역응급의료센터
동남권원자력의학원원자력병원,부산광역시 기장군 장안읍 좌동길 40,129.24364922146094,35.321418988977406,"051-720-5114, 051-720-5911",지역응급의료기관
동두천중앙성모병원,경기도 동두천시 동광로 53 (생연동),127.05398051509534,37.90888404022765,"031-863-0550, 031-863-1339",응급실운영신고기관
동래봉생병원,부산광역시 동래구 안연로109번길 27 (안락동),129.0961666077834,35.19694647632553,"051-531-6000, 051-520-5700",지역응급의료기관
동아대학교병원,부산광역시 서구 대신공원로 26 (동대신동3가),129.01760368790894,35.12000583968841,"051-240-2400, 051-240-5300",권역응급의료센터
동아병원,광주광역시 남구 대남대로 238 (백운동),126.89990593135208,35.1347601218069,"062-650-2500, 062-650-2515",지역응급의료기관
동안산병원,경기도 안산시 상록구 월피로 88 (월피동),126.852680642321,37.3356927564414,"031-410-1116, 031-413-1116",응급실운영신고기관
드림종합병원,대구광역시 남구 대명로 153 (대명동),128.5743546304414,35.8396345121582,"053-640-8800, 053-640-8575",지역응급의료기관
매듭병원,"경기도 수원시 영통구 태장로 68, 매듭병원 (망포동)",127.05354381098,37.2389316890871,"031-1800-9909, 031-546-0030",응급실운영신고기관
메가병원,경상남도 김해시 계동로 237 (대청동),128.80394805433366,35.19136230343627,"055-903-9000, 055-903-9079",응급실운영신고기관
메디인병원,경기도 파주시 금릉역로 190(금촌동),126.7748532614,37.75804616829998,"0319431191, 031-570-7912",지역응급의료기관
명주병원,경기도 용인시 처인구 금령로39번길 8-6(김량장동),127.2010438256969,37.235142740879226,"1522-8119, 1522-8119",지역응급의료센터
명지성모병원,"서울특별시 영등포구 도림로 156, 명지성모병원 (대림동)",126.89925446922592,37.4938507104387,"1899-1475, 02-829-7800",지역응급의료기관
목포기독병원,전라남도 목포시 백년대로 303 (상동),126.4204245807054,34.80450726279005,"061-280-7500, 061-280-7119",지역응급의료기관
목포시의료원,"전라남도 목포시 이로로 18 (용해동, (용해동))",126.40538707879497,34.80395500792446,"061-260-6500, 061-260-6400",지역응급의료기관
목포한국병원,전라남도 목포시 영산로 483 (상동),126.4163391650001,34.8092145829474,"061-270-5500, 061-270-5666",권역응급의료센터
무주군보건의료원,"전북특별자치도 무주군 무주읍 한풍루로 413, 무주군보건의료원",127.67170265153939,36.00586316008286,"063-320-8314, 063-320-8315",지역응급의료기관
무척조은병원,경기도 파주시 문산읍 방촌로 1675-20,126.78097787974224,37.86396621605936,"031-954-1400, 031-954-1400",응급실운영신고기관
문산중앙병원,"경기도 파주시 문산읍 문향로39번길 53, 문산중앙병원",126.78322857702757,37.85424810677575,"031-950-9000, 031-950-9099",응급실운영신고기관
미래로21병원,광주광역시 서구 화운로 1 (화정동),126.88528864095338,35.14102639112141,"062-450-1000, 062-450-1119",지역응급의료기관
미즈메디병원,서울특별시 강서구 강서로 295 (내발산동),126.83602535156236,37.55225379358291,"02-2007-1111, 02-2007-1118",응급실운영신고기관
바른마디병원,경기도 성남시 중원구 광명로 330 (금광동),127.16256645920153,37.445269636513494,031-735-9110,응급실운영신고기관
바른병원,"경기도 이천시 경충대로 2543, 바른병원 (진리동)",127.45038927398872,37.27373314023728,"031-630-0300, 031-630-0399",응급실운영신고기관
반도병원,경상남도 진주시 남강로 701 (장대동),128.08828232510143,35.19175352096591,"0557476000, 055-749-0200",지역응급의료기관
베데스다복음병원,경상남도 양산시 신기로 28 (신기동),129.04356811738057,35.3532221786617,055-384-9901,응급실운영신고기관
보성아산병원,전라남도 보성군 미력면 가평길 36-17,127.104284083365,34.775470518786,"061-850-3410, 061-850-3119",지역응급의료기관
본바른병원,"경상남도 양산시 물금읍 청운로 343, 양산바른빌딩 1층일부, 4층~10층",129.0152648627,35.3269948206,"055-785-3117, 055-785-3117",응급실운영신고기관
봉화해성병원,경상북도 봉화군 봉화읍 보밑길 3,128.73350079244224,36.89170700324608,"054-673-1331, 054-679-1331",응급실운영신고기관
부민병원,"서울특별시 강서구 공항대로 389, 부민병원 (등촌동)",126.85094950539181,37.556940892893586,"1577-7582, 02-2620-0119",지역응급의료기관
부산광역시의료원,"부산광역시 연제구 월드컵대로 359 (거제동, 1동, 5동일부)",129.05917919433943,35.187312651309654,"051-507-3000, 051-607-2140",지역응급의료기관
부산대학교병원,부산광역시 서구 구덕로 179 (아미동1가),129.01922207984205,35.10105418267188,"051-240-7000, 051-240-7776",지역응급의료센터
부산성모병원(재단법인 천주교부산교구유지재단),부산광역시 남구 용호로232번길 25-14 (용호동),129.10919202844133,35.110457328247016,"051-933-7114, 051-933-7119",지역응급의료기관
부안성모병원,전북특별자치도 부안군 부안읍 오정2길 24,126.73452574138332,35.724815399252556,"063-581-5100, 063-580-8119",지역응급의료기관
부천세종병원,"경기도 부천시 소사구 호현로489번길 28 (소사본동, 세종병원)",126.79116743230001,37.4810049006,"1599-6677, 032-340-1119",지역응급의료센터
부천우리병원,"경기도 부천시 오정구 소사로 726, 지하4층~지상5층 (원종동)",126.8051855988659,37.52438752921628,"032-672-4100, 032-672-2400",응급실운영신고기관
분당서울대학교병원,"경기도 성남시 분당구 구미로173번길 82 (구미동, 분당서울대학교병원)",127.12448354572743,37.35202597297615,"031-787-2114, 031-787-3119",권역응급의료센터
비에스종합병원,인천광역시 강화군 강화읍 충렬사로 31,126.4857069547,37.7360530472,"032-290-0001, 032-290-0119",지역응급의료기관
비에이치에스한서병원,부산광역시 수영구 수영로 615 (광안동),129.1128811328,35.1610460623,"051-756-0081, 051-998-1119",지역응급의료센터
빌리브세웅병원,부산광역시 동래구 충렬대로 455 (안락동),129.108211921917,35.195932829913,"051-500-1100, 051-500-1119",응급실운영신고기관
빛가람종합병원,전라남도 나주시 정보화길 49-0 (빛가람동),126.798747430459,35.024204844204,"061-820-0820, 061-820-0909",지역응급의료기관
빛고을전남대학교병원,광주광역시 남구 덕남길 80 (덕남동),126.89638434544385,35.094479626794445,1899-0000,응급실운영신고기관
사랑의병원,"서울특별시 관악구 남부순환로 1860, -1,1,3,4,5층 (봉천동,  )",126.956285774259,37.4796247835746,"02-880-0114, 02-880-0119",응급실운영신고기관
산청군보건의료원,경상남도 산청군 산청읍 중앙로 97,127.88419591621033,35.4160463200281,"055-970-7500, 055-970-7582",지역응급의료기관
삼성서울병원,"서울특별시 강남구 일원로 81 (일원동, 삼성의료원)",127.08668245340024,37.48851613490445,"02-3410-2114, 02-3410-2060",지역응급의료센터
삼성합천병원,경상남도 합천군 합천읍 대야로 876,128.16327169035327,35.56635668398722,"055-933-2200, 070-5125-5030",지역응급의료기관
삼육부산병원,부산광역시 서구 대티로 170 (서대신동2가),129.01074979097717,35.11177720675051,"051-242-9751, 051-600-7750",지역응급의료기관
삼육서울병원,서울특별시 동대문구 망우로 82 (휘경동),127.0653288266823,37.587992001305395,"02-2244-0191, 02-2210-3566",지역응급의료센터
삼일병원,"대구광역시 달서구 월배로 436, 지하1,지상1~11층 (송현동)",128.5538551132049,35.8327479530047,"053-659-3100, 053-659-3119",지역응급의료기관
삼천포제일병원,"경상남도 사천시 중앙로 136, 삼천포제일병원 (벌리동)",128.0795128117,34.9375392862,"055-833-4400, 055-830-3099",지역응급의료기관
상무병원,광주광역시 서구 상무자유로 181-7 (치평동),126.85391840686486,35.15242290709782,"062-600-7000, 062-600-7119",지역응급의료기관
상주적십자병원,경상북도 상주시 상서문로 53 (남성동),128.15560122041242,36.414640776098004,"054-534-3501, 054-530-3171",지역응급의료기관
새금산병원,충청남도 금산군 금산읍 비단로 183,127.49620122672218,36.10403152848004,"041-754-8272, 041-754-8053",응급실운영신고기관
새통영병원,경상남도 통영시 무전7길 192 (무전동),128.4206525557243,34.86535758722789,"055-646-6000, 055-640-4119",지역응급의료기관
서광병원,광주광역시 서구 금화로59번길 6 (금호동),126.85552710578938,35.132568331498724,"062-600-8000, 062-600-8119",지역응급의료센터
서산중앙병원,충청남도 서산시 수석산업로 5 (수석동),126.50342177166652,36.78101237096687,"041-661-1000, 041-661-1195",지역응급의료센터
서울대학교병원,서울특별시 종로구 대학로 101 (연건동),126.99896308412191,37.57966608924356,"02-1588-5700, 02-2072-2475",권역응급의료센터
서울대학교치과병원,서울특별시 종로구 대학로 101 (연건동),126.997196437908,37.5804523853297,"1522-2700, 02-6256-3362",응급실운영신고기관
서울산보람병원,"울산광역시 울주군 삼남읍 중평로 53, 서울산보람병원",129.12071299840133,35.55991148325753,"052-255-7114, 052-255-7119",지역응급의료기관
서울성심병원,"서울특별시 동대문구 왕산로 259, 서울성심병원 (청량리동)",127.04983805981972,37.58419129209865,"02-966-1616, 02-966-1616",지역응급의료기관
서울적십자병원,"서울특별시 종로구 새문안로 9, 적십자병원 (평동)",126.96699861289684,37.56715536263689,"02-2002-8000, 02-2002-8888",지역응급의료기관
서울특별시 동부병원,서울특별시 동대문구 무학로 124 (용두동),127.03140257525507,37.57539886464885,"02-920-9307, 02-920-9119",지역응급의료기관
서울특별시보라매병원,서울특별시 동작구 보라매로5길 20 (신대방동),126.92404876254014,37.4937184009319,"02-870-2114, 02-870-2119",지역응급의료센터
서울특별시서남병원,서울특별시 양천구 신정이펜1로 20 (신정동),126.8331299304024,37.51201935883779,"1566-6688, 02-6300-9129",지역응급의료기관
서울특별시서울의료원,서울특별시 중랑구 신내로 156 (신내동),127.0980910949257,37.61286931510163,"02-2276-7000, 02-2276-7403",권역응급의료센터
서울현대병원,"서울특별시 강북구 도봉로 374 (번동, 서울현대병원)",127.028504374531,37.6402559204261,"02-1588-6853, 02-902-9119",응급실운영신고기관
선한병원,광주광역시 서구 무진대로 975 (광천동),126.88702689023857,35.161551665649306,"062-466-1000, 062-466-1119",응급실운영신고기관
성가롤로병원,전라남도 순천시 순광로 221 (조례동),127.542308899549,34.9634252378637,"061-720-2000, 061-720-6119",권역응급의료센터
성남시의료원,"경기도 성남시 수정구 수정로171번길 10, 성남시의료원 (태평동)",127.13905704599767,37.44498428779224,"031-738-7000, 031-738-7300",지역응급의료센터
성남중앙병원,경기도 성남시 중원구 산성대로476번길 12 (금광동),127.16209535008764,37.4528032109466,"031-743-3000, 031-799-5599",지역응급의료기관
성모윌병원,"경기도 성남시 수정구 성남대로 1171, 삼성화재빌딩 1층일부, 2~9층 (수진동)",127.1282853418,37.4344473895,"031-751-2075, 1833-5001",응급실운영신고기관
성심의료재단강동성심병원,서울특별시 강동구 성안로 150 (길동),127.13526354631517,37.53598408220376,"02-2224-2114, 02-2224-2358",지역응급의료센터
성심중앙병원,"경기도 평택시 안중읍 안현로서6길 16, 성심중앙병원",126.92773248728593,36.9840021910249,"031-681-1119, 031-681-1119",응급실운영신고기관
성애의료재단성애병원,"서울특별시 영등포구 여의대방로53길 22 (신길동, 성애병원)",126.92236733617031,37.51205044957338,"02-840-7114, 02-840-7115",지역응급의료센터
성주무강병원,경상북도 성주군 성주읍 성주읍3길 5-3,128.28669967111344,35.91869489182473,"054-932-1212, 054-932-1909",응급실운영신고기관
세란병원,서울특별시 종로구 통일로 256 (무악동),126.9577071892358,37.57534016994642,"02-737-0181, 02-737-0181",지역응급의료기관
세웅병원,부산광역시 금정구 서동로 162 (서동),129.10408278932294,35.214424760113644,"051-500-9700, 051-500-9671",응급실운영신고기관
세일병원,"부산광역시 동구 중앙대로 317 (초량동, 세일병원)",129.0445941872797,35.12484866424028,"051-464-8110, 051-460-5277",응급실운영신고기관
세종여주병원,"경기도 여주시 청심로 39, 세종여주병원 (하동)",127.6267201581,37.3013258027,"031-880-7700, 031-880-7754",지역응급의료기관
세종충남대학교병원,"세종특별자치시 보듬7로 20, 세종충남대학교병원 (도담동)",127.257942661368,36.5195133641377,"1800-3114, 044-995-3010",지역응급의료센터
송정사랑병원,"광주광역시 광산구 송도로 232 (송정동, 송정사랑병원)",126.79736841847565,35.13421179794,"062-949-9000, 062-949-9119",응급실운영신고기관
수원중앙병원,경기도 수원시 권선구 권선로 654 (권선동),127.0228408488501,37.259913344591446,"031-229-9777, 031-229-9888",응급실운영신고기관
순창군보건의료원,전북특별자치도 순창군 순창읍 교성로 135 (순창군보건의료원),127.14386670292174,35.36714953529629,"063-650-5321, 063-650-5352",지역응급의료기관
순천의료재단성남정병원,"경기도 성남시 수정구 수정로 76, 지하3~10층 (수진동)",127.12863916535001,37.43962497395649,"031-750-6000, 031-750-6003",지역응급의료기관
순천제일병원,전라남도 순천시 기적의도서관1길 3 (조례동),127.52385648056844,34.95422459893048,"061-720-3413, 061-720-3800",지역응급의료기관
순천중앙병원,전라남도 순천시 장명로 5 (장천동),127.4844113418781,34.95165645129011,"061-743-9021, 061-749-5119",지역응급의료기관
순천향대학교 부속 서울병원,서울특별시 용산구 대사관로 59 (한남동),127.00441798640304,37.53384172231443,"02-709-9114, 02-709-9117",지역응급의료센터
순천향대학교부속구미병원,"경상북도 구미시 1공단로 179 (공단동, (공단동))",128.38265476387454,36.10286857919866,"054-468-9114, 054-468-9119",지역응급의료센터
순천향대학교부속부천병원,경기도 부천시 원미구 조마루로 170 (중동),126.76238239812001,37.49857073407877,"032-621-5114, 032-621-5117",권역응급의료센터
시영의료재단 영동병원,경상남도 함안군 칠원읍 용산2길 45-13,128.51554361153526,35.308982637512486,"055-586-2000, 055-586-2000",응급실운영신고기관
신가병원,광주광역시 광산구 목련로 316 (신가동),126.829800000000006,35.177619444444446,"062-610-8702, 062-610-8119",지역응급의료기관
신촌연세병원,"서울특별시 마포구 서강로 110, 지2층~6층 (신수동)",126.933734666413,37.5525892651719,"02-337-7582, 02-337-7582",응급실운영신고기관
씨엠병원,"서울특별시 영등포구 영등포로36길 13 (영등포동4가, 충무병원)",126.90367981067837,37.518848328762154,"02-2678-0001, 070-4698-7811",응급실운영신고기관
아산충무병원,충청남도 아산시 문화로 381 (모종동),127.01994885495239,36.779292504897654,"041-536-6666, 041-536-6519",지역응급의료센터
아주대학교병원,경기도 수원시 영통구 월드컵로 164 (원천동),127.04752107106702,37.2794477573662,"031-219-5114, 031-219-7777",권역응급의료센터
안동성소병원,경상북도 안동시 서동문로 99 (금곡동),128.72245351866203,36.56712693337398,"054-857-2321, 054-850-8282",지역응급의료센터
안성성모병원,경기도 안성시 시장길 58 (서인동),127.2708442991513,37.00610345894585,"031-675-6007, 031-675-8275",지역응급의료기관
안은의료재단 부평세림병원,"인천광역시 부평구 부평대로 175 (청천동, 세림병원)",126.71994675790395,37.50684250997099,"032-509-5555, 032-509-5777",지역응급의료센터
양산부산대학교병원,경상남도 양산시 물금읍 금오로 20,129.00588613550423,35.32781996751182,"055-360-1000, 055-360-1463",권역응급의료센터
양주예쓰병원,경기도 양주시 회정로 103 (덕정동),127.06463890111564,37.83756356362081,"031-825-5000, 031-825-1119",응급실운영신고기관
양평병원,경기도 양평군 양평읍 중앙로 129,127.50347093330032,37.493962635485616,"031-770-5000, 031-770-5176",지역응급의료기관
에스포항병원,"경상북도 포항시 남구 희망대로 352 (이동, 에스포항병원)",129.3314002552,36.0348228983,"054-289-9000, 054-289-9120",지역응급의료기관
에이치제이매그놀리아국제병원,경기도 가평군 설악면 미사리로 267-177,127.52141322182567,37.69104512763415,"031-589-4300, 031-589-4465",응급실운영신고기관
엘병원,"경기도 남양주시 퇴계원읍 퇴계원로 20, 지하2~지상7층 일부제외호",127.141048740049,37.6487334911668,"1899-3377, 031-527-6119",지역응급의료기관
여수전남병원,"전라남도 여수시 좌수영로 49 (광무동, 전남병원)",127.72808408876027,34.74501919502327,"061-640-7575, 061-640-7118",지역응급의료기관
여수한국병원,전라남도 여수시 여천체육공원길 10 (신기동),127.67509537253795,34.761243178966986,"061-689-9000, 061-689-9119",응급실운영신고기관
여천전남병원,전라남도 여수시 무선로 95 (선원동),127.65404273510529,34.76918041182927,"061-690-6900, 061-690-6118",지역응급의료센터
연세대학교원주세브란스기독병원,강원특별자치도 원주시 일산로 20 (일산동),127.9456453098751,37.34795543031888,"033-741-0114, 033-741-1641",권역응급의료센터
연세대학교의과대학 강남세브란스병원,"서울특별시 강남구 언주로 211, 강남세브란스병원 (도곡동)",127.04631254186797,37.492806984645476,"02-2019-3114, 02-2019-3333",지역응급의료센터
연세대학교의과대학세브란스병원,서울특별시 서대문구 연세로 50-1 (신촌동),126.94082769649863,37.56211711412639,"15991004, 02-2227-7777",지역응급의료센터
연세대학교의과대학용인세브란스병원,경기도 용인시 기흥구 동백죽전대로 363 (중동),127.14818862464037,37.270775831978774,"1899-1004, 031-5189-9001",지역응급의료센터
연세새로운병원,경기도 여주시 영릉로 22 (창동),127.63287952191527,37.289871650589454,"031-885-7582, 031-885-7582",응급실운영신고기관
연세에스병원,경상남도 창원시 진해구 해원로32번길 13 (이동),128.6983352518,35.1547321003,"055-548-7700, 055-548-7789",지역응급의료기관
연천군보건의료원,경기도 연천군 전곡읍 은대성로 95,127.06124444444444,38.02374166666665,"031-839-4001, 031-839-4119",지역응급의료기관
영광종합병원,"전라남도 영광군 영광읍 와룡로 3,",126.498940298383,35.2841836238628,"061-350-8000, 061-350-8129",지역응급의료기관
영남대학교병원,대구광역시 남구 현충로 170 (대명동),128.58513118547506,35.84750592025217,"053-623-8001, 053-620-3177",권역응급의료센터
영남대학교의과대학부속영천병원,경상북도 영천시 오수1길 10 (오수동),128.91305328332228,35.957320739100794,"0543389000, 054-330-7575",지역응급의료기관
영도병원,부산광역시 영도구 태종로 85 (대교동2가),129.04053714557975,35.09227119620571,"051-414-8101, 051-419-7575",지역응급의료기관
영암한국병원,전라남도 영암군 영암읍 오리정길 8,126.70116990992957,34.794341315816496,"061-470-7100, 061-470-7118",지역응급의료기관
영주기독병원,경상북도 영주시 구성로 380 (영주동),128.62114810991983,36.82516126894279,"054-635-6161, 054-635-3050",지역응급의료기관
영주자인병원,경상북도 영주시 대동로31번길 9 (가흥동),128.60561041705353,36.815947445861305,054-633-1131,응급실운영신고기관
영주적십자병원,"경상북도 영주시 대학로 327-0 (가흥동,영주적십자병원)",128.6040034927,36.8252579707,"054-630-0100, 054-630-0112",지역응급의료기관
예산명지병원,충청남도 예산군 예산읍 신례원로 26,126.83416958942115,36.71373026149238,"041-335-2255, 041-335-5166",응급실운영신고기관
오산한국병원,경기도 오산시 밀머리로1번길 16 (원동),127.07533756274843,37.14122844920573,"031-379-8300, 031-378-5119",지역응급의료센터
오창중앙병원,충청북도 청주시 청원구 오창읍 중부로 683,127.42965176665307,36.70680258158961,"043-218-0119, 043-218-0119",응급실운영신고기관
온누리병원,경기도 안산시 단원구 선부로 201 (선부동),126.8175567728982,37.34182861904807,"031-412-2200, 031-412-2222",응급실운영신고기관
온누리병원,인천광역시 서구 완정로 199 (왕길동),126.65430866269227,37.60280557009656,"032-567-6200, 032-568-9112",지역응급의료기관
완도군노화읍보건지소,"전라남도 완도군 노화읍 노화로 813, 노화보건지소",126.57093792042261,34.17730585378432,061-550-6800,응급실운영신고기관
완도대성병원,전라남도 완도군 완도읍 청해진동로 63,126.73556371420687,34.31716999454396,"061-553-1234, 061-554-9500",지역응급의료기관
우리들병원,서울특별시 강서구 하늘길 70 (과해동),126.7963653099318,37.56199597494205,"02-2660-7500, 02-2660-7057",응급실운영신고기관
운암한국병원,광주광역시 북구 북문대로 191 (운암동),126.86956982285518,35.18513334103592,"062-608-8000, 062-608-8119",지역응급의료기관
울릉군보건의료원,경상북도 울릉군 울릉읍 울릉순환로 396-18,130.89947707708177,37.485886024545444,"054-790-6871, 054-790-6911",지역응급의료기관
울산병원,울산광역시 남구 월평로171번길 13 (신정동),129.32309962689618,35.54621707569275,"052-259-5000, 052-259-5119",지역응급의료센터
울산엘리야병원,울산광역시 북구 호계로 285 (호계동),129.350630148322,35.62891129475159,"052-290-2100, 052-290-2119",응급실운영신고기관
울진군의료원,경상북도 울진군 울진읍 현내항길 71,129.40949155236495,36.99264955966117,"054-785-7000, 054-785-7119",지역응급의료기관
원광대학교병원,전북특별자치도 익산시 무왕로 895 (신동),126.959306346821,35.9642419612473,"063-859-1114, 063-859-1165",권역응급의료센터
원광대학교산본병원,경기도 군포시 산본로 321 (산본동),126.93330716393871,37.359787179442414,"031-390-2300, 031-390-2345",지역응급의료센터
원병원,경기도 남양주시 화도읍 경춘로 1943-16,127.30437739416751,37.651957172510606,"031-590-3114, 031-5903-1189",응급실운영신고기관
원주성모병원,강원특별자치도 원주시 소초면 치악로 2473,127.9845808143955,37.39364611118348,"033-741-5000, 033-741-5119",응급실운영신고기관
윤서병원,경기도 구리시 건원대로 47 (인창동),127.13961137900537,37.60519852568096,"031-553-6650, 031-564-2222",응급실운영신고기관
은평연세병원,서울특별시 은평구 연서로 177 (갈현동),126.917472218592,37.6146922208583,"02-388-8114, 02-388-0119",응급실운영신고기관
의)근원의료재단경산중앙병원,경상북도 경산시 경안로 11 (백천동),128.7401572913474,35.80882731345708,"053-715-0100, 053-715-0119",지역응급의료기관
의령병원,경상남도 의령군 의령읍 의병로14길 10,128.2586798056445,35.31860563079656,"055-573-4100, 055-573-6806",지역응급의료기관
의료법인 갑을의료재단 갑을녹산병원,부산광역시 강서구 녹산산단321로 24-8 (송정동),128.85332092602835,35.090573808412124,"051-974-8300, 051-974-8414",응급실운영신고기관
의료법인 거명의료재단 영광기독병원,전라남도 영광군 영광읍 신남로 265,126.5108758767997,35.274959355007304,"061-350-3000, 061-350-3080",지역응급의료기관
의료법인 광혜의료재단 광혜병원,"부산광역시 동래구 충렬대로 96 (온천동, 광혜병원)",129.071136111111116,35.207033333333335,"051-503-2111, 051-504-2119",지역응급의료기관
의료법인 길의료재단 길병원,"인천광역시 남동구 남동대로774번길 21 (구월동, 가천대학교길병원)",126.70916173607195,37.45208024654252,"032-460-3548, 032-460-3012",권역응급의료센터
의료법인 루가의료재단 나은병원,"인천광역시 서구 원적로 23 (가좌동, 원적로 27번길 11(가좌동))",126.679450677348,37.4890534064866,"032-584-0114, 032-584-4119",지역응급의료센터
의료법인 문병욱의료재단 진주고려병원,"경상남도 진주시 동진로 2 (칠암동, 진주고려병원)",128.09223855742437,35.17849131749577,"055-751-2500, 055-751-2525",지역응급의료기관
의료법인 성념의료재단맑은샘병원,경상남도 거제시 연초면 거제대로 4477,128.64371778461182,34.89793483097861,"055-736-1004, 055-736-0119",지역응급의료기관
의료법인 성수의료재단 인천백병원,인천광역시 동구 샛골로 214 (송림동),126.648504056866,37.4772581429266,"032-765-7070, 032-280-8119",지역응급의료기관
의료법인 센텀의료재단 센텀종합병원,부산광역시 수영구 수영로679번길 8 (광안동),129.11466833709284,35.16637129021226,"051-750-5000, 051-750-5119",지역응급의료기관
의료법인 영제 의료재단 엔케이세종병원,"세종특별자치시 한누리대로 161, 세종시 NK리움힐 상가 1~8층 (나성동)",127.26225618927695,36.47962250753158,"044-850-7700, 044-850-7705",지역응급의료기관
의료법인 온그룹의료재단 온종합병원,"부산광역시 부산진구 가야대로 719, 767, 721, 본관 지하3~5층, 본관 6~11층 전부, 본관 12층 일부, 본관 13~14층 전부, (당감동)",129.04998435792845,35.15787735996765,"051-607-0114, 051-607-0139",지역응급의료센터
의료법인 우범의료재단 장흥종합병원,전라남도 장흥군 장흥읍 흥성로 74,126.91093606650924,34.67726071666993,"061-862-8300, 061-860-1119",지역응급의료기관
의료법인 은성의료재단 좋은강안병원,부산광역시 수영구 수영로 493 (남천동),129.11072434834875,35.15015905669445,"051-625-0900, 051-610-9119",지역응급의료기관
의료법인 이도의료재단 남해병원,경상남도 남해군 남해읍 화전로 169,127.89425156305387,34.84640603127717,"055-863-2201, 055-860-6630",지역응급의료기관
의료법인 인당의료재단 부민병원,부산광역시 북구 만덕대로 59 (덕천동),129.01121232860873,35.211914318056756,"051-330-3000, 051-330-3129",지역응급의료기관
의료법인 인당의료재단 해운대부민병원,부산광역시 해운대구 해운대로 584 (우동),129.1556561002225,35.16142040775608,"051-602-8000, 051-602-8119",지역응급의료기관
의료법인 일심의료재단 포천우리병원,경기도 포천시 소흘읍 호국로 661,127.1481437183119,37.827495913257785,"031-542-0222, 031-541-8282",지역응급의료기관
의료법인 중앙의료재단 중앙병원,"제주특별자치도 제주시 월랑로 91-0 (이호이동,중앙병원)",126.47058708143306,33.492346148279836,"064-786-7000, 064-786-7777",지역응급의료센터
의료법인 행도의료재단 해동병원,부산광역시 영도구 태종로 133 (봉래동3가),129.04386428258525,35.09194298219175,"051-412-6161, 051-410-6688",지역응급의료기관
의료법인 현경의료재단 광양서울병원,전라남도 광양시 진등길 93 (마동),127.69055714590516,34.957912006875524,"061-798-9800, 061-798-9819",지역응급의료기관
의료법인 혜인의료재단 한국병원,제주특별자치도 제주시 서광로 193 (삼도일동),126.51698873048466,33.500185921027,"064-750-0000, 064-750-0160",지역응급의료기관
의료법인갈렌의료재단박병원,경기도 평택시 송탄로 33 (장당동),127.05700385749999,37.0482647009,"031-666-2600, 031-662-4119",지역응급의료기관
의료법인갑을의료재단갑을장유병원,경상남도 김해시 장유로 167-13 (부곡동),128.80564300531228,35.208667155880995,"055-310-6000, 055-310-6119",지역응급의료기관
의료법인강릉동인병원,강원특별자치도 강릉시 강릉대로419번길 42 (포남동),128.90714180258507,37.77432579461282,"033-650-6113, 033-650-6105",지역응급의료센터
의료법인거붕백병원,경상남도 거제시 계룡로5길 14 (상동동),128.62605696825915,34.873675809023304,"055-733-0000, 055-733-0180",지역응급의료기관
의료법인건명의료재단중앙제일병원,충청북도 진천군 진천읍 중앙북로 36,127.44050791116805,36.858487476286044,"043-533-1711, 043-537-9119",지역응급의료기관
의료법인구의료재단구병원,대구광역시 달서구 감삼북길 141 (감삼동),128.54148303217695,35.85082313699737,"053-560-9016, 053-557-7119",지역응급의료기관
의료법인나사렛의료재단나사렛국제병원,"인천광역시 연수구 먼우금로 98 (동춘동, 나사렛국제병원)",126.67046935782248,37.4079911136402,"032-899-9999, 032-899-9699",지역응급의료센터
의료법인남촌의료재단시화병원,"경기도 시흥시 군자천로 381, 시화병원 (정왕동)",126.736970968751,37.349955639806,"1811-7000, 031-5189-0567",지역응급의료센터
의료법인녹산의료재단동수원병원,경기도 수원시 팔달구 중부대로 165 (우만동),127.0343637912553,37.27816562305189,"031-210-0114, 031-210-0119",지역응급의료센터
의료법인대광의료재단괴산성모병원,충청북도 괴산군 괴산읍 임꺽정로 116-0 (괴산성모병원),127.78424628538971,36.81544387632933,"043-830-5400, 043-830-5419",지역응급의료기관
의료법인대남의료재단청도대남병원,경상북도 청도군 화양읍 청화로 79-7,128.73711323398672,35.64871261648798,"054-373-0606, 054-370-5112",지역응급의료기관
의료법인대산의료재단익산병원,전북특별자치도 익산시 무왕로 969 (신동),126.96649966881398,35.96168123354797,"063-840-9114, 063-840-9112",지역응급의료센터
의료법인대우의료재단대우병원,경상남도 거제시 두모길 16 (두모동),128.72216421007292,34.87222152119712,"055-680-8114, 055-680-8119",지역응급의료기관
의료법인대인의료재단다니엘종합병원,"경기도 부천시 원미구 중동로 361, 다니엘종합병원 (약대동)",126.76948894065183,37.512321557883574,"032-670-0001, 032-670-0119",지역응급의료기관
의료법인덕산의료재단김천제일병원,경상북도 김천시 신음1길 12 (신음동),128.11882383545816,36.135341995663524,"054-420-9300, 054-420-9500",지역응급의료센터
의료법인동강의료재단동강병원,울산광역시 중구 태화로 239 (태화동),129.30194290200077,35.55340950863559,"052-241-1114, 052-241-1190",지역응급의료센터
의료법인동강의료재단동천동강병원,"울산광역시 중구 외솔큰길 215 (남외동, 동천동강병원)",129.350477985,35.5685460268,"052-702-3114, 052-702-3456",응급실운영신고기관
의료법인동신의료재단동신병원,"서울특별시 서대문구 연희로 272, 동신병원 본관동 (홍은동)",126.93658306608872,37.58110428173239,"02-396-9161, 02-396-9161",지역응급의료기관
의료법인동춘의료재단문경제일병원,경상북도 문경시 당교3길 25 (모전동),128.189771534,36.5848214366,"054-550-7700, 054-550-7777",지역응급의료센터
의료법인동해동인병원,"강원특별자치도 동해시 하평로 26-  (평릉동, (평릉동))",129.1074043067605,37.530006805605616,"033-530-0114, 033-530-0129",지역응급의료기관
의료법인록향의료재단신천연합병원,"경기도 시흥시 복지로 57, 복지로 61, 2층 (대야동)",126.78938385106555,37.44454605843136,"031-310-6300, 031-310-6661",지역응급의료기관
의료법인명성의료재단영양병원,경상북도 영양군 영양읍 동서대로 75,129.1173135291313,36.66257764096643,"054-682-0727, 054-682-3866",응급실운영신고기관
의료법인명인의료재단화홍병원,경기도 수원시 권선구 호매실로90번길 98 (호매실동),126.963891671858,37.2601427452511,"031-278-0119, 031-8021-6829",지역응급의료센터
의료법인명지의료재단명지병원,"충청북도 제천시 내토로 991-0 (고암동,의료법인명지의료재단명지병원)",128.23405656001105,37.163005764289196,"043-640-8114, 043-640-8117",지역응급의료센터
의료법인명지의료재단명지병원,경기도 고양시 덕양구 화수로14번길 55 (화정동),126.83145733035825,37.64207169115689,"031-810-5114, 031-810-7119",권역응급의료센터
의료법인목포구암의료재단목포중앙병원,전라남도 목포시 영산로 627 (석현동),126.421380872161,34.8208073192579,"061-280-3000, 061-280-3119",지역응급의료센터
의료법인바른의료재단바른병원,경상남도 진주시 동진로 7 (칠암동),128.09170475475878,35.179208158439586,"055-790-3000, 055-790-3651",응급실운영신고기관
의료법인박애의료재단박애병원,경기도 평택시 평택2로20번길 3 (평택동),127.08907896026507,36.99308383421509,"031-652-2121, 031-650-9219",지역응급의료기관
의료법인백송의료재단굿모닝병원,경기도 평택시 중앙로 338 (합정동),127.120463688,36.9905734199,"031-5182-7700, 031-5182-7582",지역응급의료센터
의료법인백제병원,충청남도 논산시 시민로294번길 14 (취암동),127.09436976296005,36.19250243074026,"041-733-2191, 041-730-8888",지역응급의료센터
의료법인백천의료재단바로본병원,대구광역시 동구 국채보상로 769 (신천동),128.61518371219722,35.86845464452633,"1644-8575, 053-721-8549",응급실운영신고기관
의료법인보광의료재단속초보광병원,강원특별자치도 속초시 중앙로 11 (교동),128.57838660480326,38.198021245336555,"033-639-8500, 033-639-8988",지역응급의료기관
의료법인삼백의료재단상주성모병원,경상북도 상주시 냉림서성길 7 (냉림동),128.15973341130405,36.42029125774357,"054-532-5001, 054-530-7811",지역응급의료기관
의료법인삼호의료재단벌교삼호병원,전라남도 보성군 벌교읍 남하로 12,127.34573228719377,34.833846754024535,"061-859-5000, 061-859-5119",지역응급의료기관
의료법인생명사랑의료재단밀양윤병원,경상남도 밀양시 삼문중앙로 32 (삼문동),128.75564526263582,35.48468031922943,"055-354-2200, 055-802-7313",지역응급의료기관
의료법인서명의료재단세명종합병원,경상북도 경산시 경안로 208 (중방동),128.7374074375532,35.82621911080917,"053-819-8800, 053-819-8500",지역응급의료기관
의료법인서울효천의료재단에이치플러스양지병원,"서울특별시 관악구 남부순환로 1636, 양지병원 (신림동)",126.93253922577287,37.48427507045319,"02-1877-8875, 070-4665-9119",지역응급의료센터
의료법인서준의료재단예천권병원,경상북도 예천군 예천읍 시장로 136,128.45890491333589,36.65741644988633,"054-654-6611, 054-650-2119",지역응급의료기관
의료법인서해병원,충청남도 서천군 서천읍 서천로 184,126.6875810614244,36.08449428686221,"041-951-8282, 041-950-0219",지역응급의료기관
의료법인석경의료재단센트럴병원,"경기도 시흥시 공단1대로 237 (정왕동, 센트럴 병원)",126.72768862827666,37.336409472880064,"031-8041-3000, 031-8041-3019",지역응급의료기관
의료법인석영의료재단창원제일종합병원,경상남도 창원시 마산합포구 3·15대로 238 (중앙동3가),128.56772923734115,35.199036071110854,"055-223-9000, 055-249-7777",응급실운영신고기관
의료법인석천재단고창병원,전북특별자치도 고창군 고창읍 화신1길 9,126.69331814963527,35.43645131091079,"063-560-5600, 063-560-5558",지역응급의료기관
의료법인성광의료재단일산차병원,"경기도 고양시 일산동구 중앙로 1205, 지하1층(일부),지하2층,지하4층(일부),1층(일부),2층(일부),3층(일부),4~5층,6층(일부), 7~10층 (장항동)",126.77574306091104,37.65413326289407,"031-782-8300, 031-782-8587",지역응급의료기관
의료법인성심의료재단양구성심병원,강원특별자치도 양구군 양구읍 중심로 160,127.99119726275,38.1047788862656,"033-480-8803, 033-480-8816",지역응급의료기관
의료법인성지의료재단성지병원,강원특별자치도 원주시 원일로 22 (인동),127.954009227598,37.3452989790958,"033-760-3101, 033-760-3119",지역응급의료기관
의료법인성화의료재단대한병원,"서울특별시 강북구 도봉로 301 (수유동, 대한병원)",127.02267251878474,37.63547043209498,"02-903-3232, 02-905-9110",응급실운영신고기관
의료법인송암의료재단마이크로병원,충청북도 청주시 흥덕구 사직대로 26 (복대동),127.45009452402523,36.63402150390528,"043-265-0071, 070-7038-2717",응급실운영신고기관
의료법인송은의료재단울산시티병원,울산광역시 북구 산업로 1007 (연암동),129.35905740278505,35.58285370330335,"052-280-9000, 052-280-9119",지역응급의료센터
의료법인숭인의료재단김해복음병원,경상남도 김해시 활천로 33 (삼정동),128.8935457971,35.2304897832,"055-330-8888, 055-330-8844",지역응급의료센터
의료법인승연의료재단 삼천포서울병원,경상남도 사천시 남일로 33 (동금동),128.08012015415227,34.93302179207928,"055-835-9900, 055-830-9019",지역응급의료기관
의료법인신안대우병원,전라남도 신안군 비금면 송치길 155-11,125.93256566497465,34.722263099542104,"061-262-3301, 061-262-3309",지역응급의료기관
의료법인신의료재단김해삼승병원,경상남도 김해시 김해대로 2335 (부원동),128.8821901808,35.226730571,"055-310-7700, 055-310-7777",응급실운영신고기관
의료법인안동병원,경상북도 안동시 앙실로 11 (수상동),128.70097021920307,36.54691448006022,"054-840-1004, 054-840-0119",권역응급의료센터
의료법인양진의료재단평택성모병원,경기도 평택시 평택로 284 (세교동),127.07371568769603,37.008809910565546,"1800-8800, 070-5012-0119",지역응급의료센터
의료법인에스엠씨의료재단울산세민병원,울산광역시 중구 학성로 184 (학성동),129.33096884743864,35.556584160908145,"052-290-0114, 052-290-0119",응급실운영신고기관
의료법인영경의료재단전주병원,"전북특별자치도 전주시 완산구 한두평3길 13 (중화산동2가, 전주병원)",127.1247991889436,35.81502660230338,"063-220-7200, 063-226-6119",지역응급의료센터
의료법인영경의료재단호성전주병원,전북특별자치도 전주시 덕진구 동부대로 895 (호성동1가),127.14790290638277,35.865528416459995,"063-240-8800, 063-240-8862",지역응급의료기관
의료법인영동의료재단의정부백병원,경기도 의정부시 금신로 322 (신곡동),127.06206709820381,37.74536735722315,"031-856-8111, 031-842-1211",지역응급의료기관
의료법인영서의료재단천안충무병원,충청남도 천안시 서북구 다가말3길 8 (쌍용동),127.13157820432319,36.79739687904163,"041-570-7555, 041-570-7519",지역응급의료센터
의료법인영성의료재단고흥종합병원,전라남도 고흥군 고흥읍 고흥로 1935,127.293713733344,34.620393082853,"061-832-1911, 061-830-3118",지역응급의료기관
의료법인영암의료재단고령영생병원,경상북도 고령군 대가야읍 중앙로 33 (영생병원),128.27201138885076,35.72995531573922,"054-955-2661, 070-7475-0024",지역응급의료기관
의료법인영제의료재단영남제일병원,경상북도 의성군 안계면 용기4길 36,128.43429486266444,36.38925516777733,"054-861-9111, 054-861-9111",지역응급의료기관
의료법인영훈의료재단대전선병원,"대전광역시 중구 목중로 29 (목동, 선병원)",127.41011056508802,36.3359621088938,"042-220-8000, 042-220-8129",지역응급의료센터
의료법인영훈의료재단유성선병원,대전광역시 유성구 북유성대로 93 (지족동),127.32491359339663,36.37535496572087,"042-609-1000, 042-609-1119",지역응급의료센터
의료법인예당의료재단예산종합병원,충청남도 예산군 예산읍 금오대로 94,126.83810397105952,36.69111403683895,"041-330-4000, 041-330-4119",지역응급의료기관
의료법인오성의료재단동군산병원,전북특별자치도 군산시 조촌로 149 (조촌동),126.73719225835914,35.97740074466571,"063-440-0570, 063-440-0516",지역응급의료센터
의료법인왜관병원,경상북도 칠곡군 왜관읍 군청2길 10,128.401522222222212,35.996063888888891,"054-971-1002, 054-971-1004",응급실운영신고기관
의료법인우리의료재단김포우리병원,"경기도 김포시 감암로 11, 김포우리병원 (걸포동)",126.7105272263707,37.632530143647166,"031-999-1000, 031-999-1119",지역응급의료센터
의료법인원광의료재단원광종합병원,경기도 화성시 화산북로 21 (송산동),127.0080345889,37.2100621333,"031-8077-7200, 031-8077-7219",지역응급의료기관
의료법인은성의료재단좋은삼선병원,"부산광역시 사상구 가야대로 326, 좋은삼선병원 (주례동)",129.0081978825217,35.1505677387241,"051-322-0900, 051-310-9119",지역응급의료센터
의료법인은성의료재단좋은삼정병원,울산광역시 남구 북부순환도로 51 (무거동),129.26899792409964,35.55282641650826,"052-220-7500, 052-220-7600",지역응급의료기관
의료법인은성의료재단좋은선린병원,경상북도 포항시 북구 대신로 43 (대신동),129.36704339734024,36.048089061494764,"054-245-5000, 054-245-5200",지역응급의료기관
의료법인은혜와감사의료재단화성중앙종합병원,경기도 화성시 향남읍 발안로 5,126.910365631779,37.13118966594901,"031-352-8114, 031-371-7998",지역응급의료기관
의료법인인봉의료재단뉴고려병원,"경기도 김포시 김포한강3로 283, 뉴고려병원 (장기동)",126.66022763544733,37.64095507933562,"031-998-8129, 031-980-9119",지역응급의료센터
의료법인인봉의료재단영등포병원,서울특별시 영등포구 당산로31길 10 (당산동3가),126.89561402986,37.526858089517,"02-2635-2809, 02-2632-0013",응급실운영신고기관
의료법인인성의료재단한림병원,인천광역시 계양구 장제로 722 (작전동),126.73435495537973,37.53218449100167,"032-540-9114, 032-540-9119",지역응급의료센터
의료법인인성의료재단함평성심병원,"전라남도 함평군 함평읍 영수길 132, 함평성심병원",126.519805555555550,35.061886111111114,"061-324-0001, 061-324-0072",응급실운영신고기관
의료법인인화재단한국병원,충청북도 청주시 상당구 단재로 106 (영운동),127.49659485930336,36.61950588971749,"043-222-7000, 043-222-6177",지역응급의료센터
의료법인일산복음병원,"경기도 고양시 일산동구 고양대로 760, 가동 (중산동, 일산복음병원)",126.7801254241406,37.68205457051212,"031-977-5000, 031-929-0330",응급실운영신고기관
의료법인자산의료재단제천서울병원,충청북도 제천시 숭문로 57 (서부동),128.20613928597677,37.13857101389598,"043-642-7606, 043-643-2327",지역응급의료센터
의료법인자인의료재단(더자인병원),"경기도 고양시 덕양구 중앙로 555, /중앙로557번길 14, 지하1(일부),1-6층 (행신동)",126.83568238933726,37.62297864974611,"031-930-3114, 031-930-3119",응급실운영신고기관
의료법인장호의료재단녹동현대병원,전라남도 고흥군 도양읍 차경구렁목길 215,127.14569777683869,34.5461939078177,"061-840-1200, 061-840-1119",지역응급의료기관
의료법인정민의료재단보은한양병원,충청북도 보은군 보은읍 보은로 102,127.71821043397682,36.48327155579628,"043-544-1500, 070-7575-2853",지역응급의료기관
의료법인정산의료재단효성병원,충청북도 청주시 상당구 쇠내로 16 (금천동),127.49558522201268,36.624556372628305,"043-221-5000, 043-221-2192",지역응급의료센터
의료법인정안의료재단중앙병원,"울산광역시 남구 문수로 472, 중앙병원 (신정동)",129.3048401436768,35.53208761614168,"052-226-1100, 052-226-1119",지역응급의료센터
의료법인정화의료재단 봉생기념병원,"부산광역시 동구 중앙대로 401 (좌천동, 봉생병원)",129.0505708823645,35.13085783627095,"051-664-4000, 051-664-4119",지역응급의료기관
의료법인조윤의료재단영동병원,충청북도 영동군 영동읍 대학로 106,127.7808325647,36.1852328446,"043-740-9000, 043-740-9333",지역응급의료기관
의료법인창녕서울의료재단창녕서울병원,경상남도 창녕군 창녕읍 창녕대로 122,128.4976162683357,35.53476250295272,"055-532-1975, 055-530-7671",응급실운영신고기관
의료법인청구성심병원,서울특별시 은평구 통일로 873 (갈현동),126.91955399169245,37.62079154435882,"02-350-3300, 02-383-0129",지역응급의료기관
의료법인청아의료재단청아병원,경상남도 창원시 마산회원구 내서읍 광려천서로 67 (청아병원),128.50971731844322,35.24798366104159,"055-230-1500, 055-230-1700",지역응급의료기관
의료법인청파의료재단송탄중앙병원,경기도 평택시 오좌동길 17-16 (독곡동),127.0641653404409,37.0885408447458,"031-612-7000, 031-612-7000",응급실운영신고기관
의료법인칠석의료재단사랑의병원,"경기도 안산시 상록구 예술광장로 69, 사랑의병원(593-4번지/593-5번지) (성포동)",126.84486352776976,37.327020396286656,"031-439-3000, 031-414-6656",지역응급의료기관
의료법인태성의료재단제일조은병원,충청북도 음성군 금왕읍 음성로1230번길 10,127.59853452216106,36.99760379156879,"043-883-8800, 043-883-7755",응급실운영신고기관
의료법인토마스의료재단윌스기념병원,경기도 수원시 팔달구 경수대로 437 (인계동),127.0254583588438,37.26502978126203,"031-223-2233, 031-240-6119",지역응급의료기관
의료법인풍산의료재단동부제일병원,"서울특별시 중랑구 망우로 511, 동부제일병원 지하1~6층 (망우동)",127.1090292210168,37.60067564592665,"02-437-5011, 02-490-8880",지역응급의료기관
의료법인플러스의료재단단원병원,"경기도 안산시 단원구 원포공원1로 20, 동의성단원병원 (초지동)",126.81357021652913,37.3002188172703,"031-8040-6600, 031-8040-5911",지역응급의료기관
의료법인한국의료재단한국병원,전라남도 순천시 우명길 42 (연향동),127.51235838977138,34.947741459842966,"061-740-5000, 061-740-5119",지역응급의료기관
의료법인한마음의료재단 여수제일병원,"전라남도 여수시 쌍봉로 70 (학동, (학동))",127.66355833333331,34.766166666666656,"061689-8123, 061-689-8119",지역응급의료기관
의료법인한마음의료재단하나병원,충청북도 청주시 흥덕구 2순환로 1262 (가경동),127.43081864239413,36.623474045244464,"043-230-6114, 043-230-6594",지역응급의료센터
의료법인한전의료재단 한일병원,"서울특별시 도봉구 우이천로 308, 한일병원 (쌍문동)",127.02902417950423,37.64611570419094,"02-901-3114, 02-901-3119",지역응급의료센터
의료법인합포의료재단에스엠지연세병원,"경상남도 창원시 마산합포구 3·15대로 76 (월남동2가, 합포의료재단)",128.56163160027907,35.18635329986849,"055-243-0100, 055-240-7777",지역응급의료센터
의료법인해민의료재단 세안종합병원,전라남도 목포시 고하대로 795-2 (연산동),126.38033941552498,34.817030098221025,"061-260-6700, 061-260-6666",지역응급의료기관
의료법인행복나눔의료재단장성병원,전라남도 장성군 장성읍 역전로 171,126.78361958777766,35.305871659607845,"061-390-9000, 061-390-9119",지역응급의료기관
의료법인행촌의료재단 해남종합병원,전라남도 해남군 해남읍 해남로 45,126.61268333333333,34.571547222222215,"061-536-4116, 061-530-0119",지역응급의료기관
의료법인환명의료재단조은금강병원,경상남도 김해시 김해대로 1814-37 (삼계동),128.8615781975,35.2623038386,"055-330-0300, 055-330-0200",지역응급의료기관
의료법인힐링의료재단옥천성모병원,충청북도 옥천군 옥천읍 성왕로 1195,127.57197742757523,36.313345842294304,"043-730-7000, 043-730-7119",지역응급의료기관
의산의료재단강릉고려병원,강원특별자치도 강릉시 옥가로 30 (옥천동),128.89982468955142,37.75910092005996,"033-642-1988, 033-647-7582",응급실운영신고기관
이화여자대학교의과대학부속목동병원,서울특별시 양천구 안양천로 1071 (목동),126.8862159683056,37.53654282637804,"02-2650-5114, 02-2650-5911",권역응급의료센터
이화여자대학교의과대학부속서울병원,"서울특별시 강서구 공항대로 260, 이화의대부속서울병원 (마곡동)",126.8362659275,37.557261149,"1522-7000, 02-6986-5119",지역응급의료센터
인산의료재단메트로병원,"경기도 안양시 만안구 명학로33번길 8 (안양동, 메트로병원)",126.93529986382785,37.378597979767605,"031-467-9000, 031-467-9998",응급실운영신고기관
인성병원,강원특별자치도 춘천시 금강로 39 (낙원동),127.7268803699377,37.88124367430593,"033-253-3030, 033-259-8119",응급실운영신고기관
인제대학교 해운대백병원,부산광역시 해운대구 해운대로 875 (좌동),129.182181239924,35.17334313589264,"051-797-0100, 051-797-0135",권역응급의료센터
인제대학교부산백병원,"부산광역시 부산진구 복지로 75, 진사로83번길 81, 1층(일부), 3층 (개금동)",129.02057150748322,35.146454469689104,"051-890-6114, 051-890-5995",지역응급의료센터
인제대학교상계백병원,"서울특별시 노원구 동일로 1342, 상계백병원 (상계동)",127.06311619032102,37.6485812672986,"02-950-1114, 02-950-1119",지역응급의료센터
인제대학교일산백병원,경기도 고양시 일산서구 주화로 170 (대화동),126.75031388046008,37.67436543525074,"031-910-7114, 031-910-7114",지역응급의료센터
인천광역시의료원,"인천광역시 동구 방축로 217 (송림동, 인천광역시 의료원)",126.66861045817642,37.47884441174466,"032-580-6000, 032-580-6119",지역응급의료기관
인천광역시의료원백령병원,"인천광역시 옹진군 백령면 백령로 233, 인천광역시의료원 백령병원",124.72111307252132,37.96801574541532,"032-836-1731, 032-836-1732",지역응급의료기관
인천기독병원,인천광역시 중구 답동로30번길 10 (율목동),126.63208102847187,37.47122873588076,"032-270-8000, 032-270-8300",지역응급의료기관
인천더드림병원,인천광역시 계양구 계양대로 123(작전동),126.72225367019578,37.53499881280362,"032-282-7575, 032-282-7575",응급실운영신고기관
인천사랑병원,인천광역시 미추홀구 미추홀대로 726 (주안동),126.680345104401,37.4620681991805,"032-425-2001, 032-457-2119",지역응급의료센터
인천세종병원,"인천광역시 계양구 계양문화로 20-  (작전동, (작전동))",126.7368531237,37.5325382832,"032-240-8000, 032-240-8119",지역응급의료센터
인천적십자병원,"인천광역시 연수구 원인재로 263 (연수동, 인천적십자병원)",126.6875335314,37.4185669257,"032-899-4000, 032-899-4118",지역응급의료기관
인천힘찬종합병원,"인천광역시 남동구 논현로 72, 인천힘찬종합병원 (논현동)",126.714686842521,37.4010623210136,"032-1899-2220, 032-459-3168",지역응급의료기관
인하대학교의과대학부속병원,인천광역시 중구 인항로 27 (신흥동3가),126.631868269228,37.4584235016321,"032-890-2114, 032-890-2301",권역응급의료센터
임실군보건의료원,전북특별자치도 임실군 임실읍 호국로 1680,127.28697578028248,35.61249558187053,"063-640-3102, 063-640-3119",지역응급의료기관
장수군보건의료원,전북특별자치도 장수군 장수읍 장천로 247,127.52014287444382,35.654664903392614,"063-351-8000, 063-350-2119",지역응급의료기관
장흥우리병원,전라남도 장흥군 장흥읍 흥성로 83,126.91109914454887,34.67838230801459,"061-862-6262, 061-860-0119",지역응급의료기관
재단법인 베스티안재단 베스티안부산병원,부산광역시 북구 화명대로 1 (화명동),129.00862669149657,35.235586741528486,"051-332-7575, 070-7603-1721",응급실운영신고기관
재단법인베스티안재단베스티안병원,충청북도 청주시 흥덕구 오송읍 오송생명1로 191-0,127.3216412104,36.6364279047,"043-910-7575, 043-904-8925",지역응급의료기관
재단법인베스티안재단베스티안서울병원,서울특별시 성동구 왕십리로 382 (하왕십리동),127.028019796271,37.5651102845783,"02-3452-7575, 02-6211-7965",응급실운영신고기관
재단법인아산사회복지재단 서울아산병원,"서울특별시 송파구 올림픽로43길 88, 서울아산병원 (풍납동)",127.10823825113607,37.526563966361216,"02-3010-3114, 02-3010-3333",지역응급의료센터
재단법인아산사회복지재단보령아산병원,충청남도 보령시 죽성로 136 (죽정동),126.62282846665184,36.38113998244595,"041-930-5114, 041-930-5333",지역응급의료기관
재단법인아산사회복지재단정읍아산병원,전북특별자치도 정읍시 충정로 606-22 (용계동),126.82346011194952,35.58899495218047,"063-530-6000, 063-530-6129",지역응급의료센터
재단법인예수병원유지재단예수병원,"전북특별자치도 전주시 완산구 서원로 365 (중화산동1가, 예수병원)",127.13325187439274,35.81440117465108,"063-230-8114, 063-230-8280",지역응급의료센터
재단법인일신기독교선교회 일신기독병원,부산광역시 동구 정공단로 27 (좌천동),129.0545970475024,35.13550455261155,"051-630-0300, 051-630-0415",응급실운영신고기관
재단법인천주교부산교구유지재단 메리놀병원,부산광역시 중구 중구로 121 (대청동4가),129.03246380102908,35.107580971280804,"051-465-8801, 051-461-2300",지역응급의료기관
전남대학교병원,광주광역시 동구 제봉로 42 (학동),126.92158688926376,35.141852541291165,"1899-0000, 062-220-6801",권역응급의료센터
전라남도강진의료원,전라남도 강진군 강진읍 탐진로 5,126.75789950922355,34.63681860822126,"061-433-2167, 061-430-1109",지역응급의료기관
전라남도순천의료원,전라남도 순천시 서문성터길 2 (매곡동),127.48303613267494,34.95798908690572,"061-759-9114, 061-759-9119",지역응급의료기관
전북대학교병원,전북특별자치도 전주시 덕진구 건지로 20 (금암동),127.1393674038135,35.84697279303408,"063-250-1114, 063-250-1131",권역응급의료센터
전북특별자치도군산의료원,"전북특별자치도 군산시 의료원로 27 (지곡동,(지곡동, 군산의료원))",126.71189936455204,35.95497072788432,"063-472-5000, 063-472-5130",지역응급의료센터
전북특별자치도남원의료원,전북특별자치도 남원시 충정로 365 (고죽동),127.40719103150715,35.43189945917936,"063-620-1114, 063-620-1119",지역응급의료센터
전주고려병원,전북특별자치도 전주시 덕진구 안덕원로 367 (산정동),127.16713261021835,35.839839476593305,"063-240-7300, 063-240-7330",응급실운영신고기관
제일병원,경상남도 진주시 진주대로 885 (강남동),128.0899464997,35.1793997485,"055-750-7123, 055-750-7119",지역응급의료센터
제주대학교병원,"제주특별자치도 제주시 아란13길 15-  (아라일동,제주대학교병원 (아라일동))",126.54525733713078,33.46727330825531,"064-717-1114, 064-717-1903",지역응급의료센터
제주한라병원,"제주특별자치도 제주시 도령로 65-  (연동, (연동))",126.48507635686154,33.489946745300735,"064740-5000, 064-740-5159",권역응급의료센터
조선대학교병원,광주광역시 동구 필문대로 365 (서석동),126.92683853357782,35.13854706991291,"1811-7474, 062-220-3280",권역응급의료센터
조은오산병원,경기도 오산시 오산로 307 (오산동),127.06824064919108,37.15432658078726,"1544-5355, 031-373-8119",응급실운영신고기관
좋은문화병원,부산광역시 동구 범일로 119 (범일동),129.05906375734872,35.1407239889452,"051-644-2002, 051-630-0909",지역응급의료기관
중앙대학교광명병원,경기도 광명시 덕안로 110(일직동),126.885910072451,37.4245974351169,"1811-7800, 02-2222-1351",지역응급의료센터
중앙대학교병원,서울특별시 동작구 흑석로 102 (흑석동),126.96079378447554,37.50707428493414,"1800-1114, 02-6299-1338",지역응급의료센터
진도한국병원,전라남도 진도군 진도읍 남문길 48,126.26412429142383,34.482432541575456,"061-544-2051, 061-244-2310",지역응급의료기관
진안군의료원,전북특별자치도 진안군 진안읍 진무로 1145-0,127.43207008323515,35.79518695884379,"063-430-7000, 063-430-7119",지역응급의료기관
진주복음병원,경상남도 진주시 진양호로 370 (신안동),128.06939115519654,35.185376569664825,"055-749-7110, 055-749-7119",지역응급의료기관
진주세란병원,경상남도 진주시 진주대로 829 (주약동),128.09295064588534,35.17448762105697,"055-760-7578, 055-760-7575",응급실운영신고기관
차의과학대학교 강남차병원,"서울특별시 강남구 논현로 566, 강남차병원(역삼동650-9, 606-4, 605외2필지(지하7층~지하1층, 지상2층~7층)) (역삼동)",127.03466865188072,37.506800025850865,"02-3468-3000, 02-3468-3060",응급실운영신고기관
차의과학대학교부속구미차병원,경상북도 구미시 신시로10길 12 (형곡동),128.34054647885028,36.11452808183706,"054-450-9700, 054-450-9998",권역응급의료센터
차의과학대학교분당차병원,경기도 성남시 분당구 야탑로 59 (야탑동),127.125083678928,37.4101145912911,"031-780-5000, 031-780-5840",권역응급의료센터
참조은병원,경기도 광주시 광주대로 45 (경안동),127.26022384023878,37.41095382720454,"1600-9955, 031-881-9119",지역응급의료센터
창원경상국립대학교병원,"경상남도 창원시 성산구 삼정자로 11 (성주동, 창원경상대학교병원)",128.7078072393552,35.19921298418469,"055-214-2000, 055-214-1339",지역응급의료센터
창원파티마병원,경상남도 창원시 의창구 창이대로 45 (명서동),128.6444852768,35.2372418321,"055-270-1000, 055-270-1119",지역응급의료센터
창원한마음병원,경상남도 창원시 의창구 용동로57번길 8 (사림동),128.699059273138,35.2379796340839,"055-225-0000, 055-225-0350",지역응급의료센터
철원병원,강원특별자치도 철원군 갈말읍 명성로 208-0,127.30802768817259,38.15033057072112,"033-452-5011, 033-450-3300",지역응급의료기관
첨단종합병원,광주광역시 광산구 첨단중앙로170번길 59 (쌍암동),126.84530205666944,35.22113373578457,"062-601-8000, 062-601-8119",지역응급의료센터
청송군보건의료원,경상북도 청송군 청송읍 의료원길 19,129.0526608512385,36.43104059070308,"054-870-7100, 054-870-7119",지역응급의료기관
청양군보건의료원,충청남도 청양군 청양읍 칠갑산로7길 54,126.80455836964052,36.45529646339589,"041-942-3401, 041-940-4951",지역응급의료기관
청주성모병원,충청북도 청주시 청원구 주성로 173-19 (주중동),127.48546957073641,36.673801330174406,"043-219-8000, 043-219-8119",지역응급의료센터
청주현대병원,충청북도 청주시 흥덕구 비하로 65 (비하동),127.42463434124867,36.632987414750296,"043-237-2114, 043-237-1119",응급실운영신고기관
추병원,경기도 의정부시 평화로 650 (의정부동),127.0450970956,37.7499600932,"031-845-7777, 031-845-8313",지역응급의료기관
충남대학교병원,"대전광역시 중구 문화로 282 (대사동, 충남대학교병원)",127.41546133417684,36.31696055071064,"1599-7123, 042-280-8129",권역응급의료센터
충북대학교병원,"충청북도 청주시 서원구 1순환로 776-0 (개신동,충북대학교병원)",127.4614360502226,36.624166824834546,"043-269-6114, 043-269-6114",권역응급의료센터
충주미래병원,"충청북도 충주시 국원대로 99-0, 0동 (교현동,미래병원)",127.927925696639,36.9804284762737,043-852-9119,응급실운영신고기관
충청남도공주의료원,충청남도 공주시 무령로 77 (웅진동),127.10921562289595,36.45905455773722,"041-962-1111, 041-962-1365",지역응급의료기관
충청남도서산의료원,충청남도 서산시 중앙로 149 (석림동),126.46515725738562,36.77556877677842,"041-689-7000, 041-689-7119",지역응급의료센터
충청남도천안의료원,충청남도 천안시 동남구 충절로 537 (삼룡동),127.17992025598447,36.775359921186194,"041-570-7200, 041-570-7119",지역응급의료기관
충청남도홍성의료원,충청남도 홍성군 홍성읍 조양로 224,126.67440672396913,36.59933992060475,"041-630-6251, 041-630-6119",지역응급의료센터
충청북도 청주의료원,"충청북도 청주시 서원구 흥덕로 48-0 (사직동,청주의료원)",127.473087555201,36.6401389722304,"043-279-2300, 043-279-0119",지역응급의료기관
충청북도충주의료원,충청북도 충주시 안림로 239-50 (안림동),127.9703586011334,36.97956732195825,"043-871-0114, 043-871-0119",지역응급의료기관
칠곡경북대학교병원,"대구광역시 북구 호국로 807, 칠곡경북대학교병원(임상실습동 1~11층 포함) (학정동)",128.564408469835,35.9560830613237,"053-200-2000, 053-200-2100",지역응급의료센터
큐병원,부산광역시 사하구 낙동남로 1401 (하단동),128.96489218029475,35.10658381193713,"051-207-4343, 051-207-4044",응급실운영신고기관
태안군보건의료원,충청남도 태안군 태안읍 서해로 1952-16,126.32320735565844,36.75191402131483,"041-671-5300, 041-671-5319",지역응급의료기관
태황의료재단한성병원,경상남도 창녕군 창녕읍 교리1길 2,128.4934147264,35.5421522771,"0555305000, 055-530-5119",지역응급의료기관
파주한빛병원,"경기도 파주시 탄현면 평화로574번길 17, (의)청학의료재단 파주성모병원.요양병원",126.72122440556852,37.773953454183484,"031-8071-1661, 070-5091-3772",응급실운영신고기관
평창군보건의료원,강원특별자치도 평창군 평창읍 노성로 11,128.3890508672411,37.360577433652736,"033-332-4000, 033-330-4812",지역응급의료기관
포항성모병원,경상북도 포항시 남구 대잠동길 17 (대잠동),129.33981334567275,36.01585627687779,"054-272-0151, 054-260-8600",권역응급의료센터
포항세명기독병원,경상북도 포항시 남구 포스코대로 351 (대도동),129.3615706051,36.0181008246,"054-275-0005, 054-289-1711",지역응급의료센터
하나병원,"경상남도 사천시 사천읍 진삼로 1468-8, 하나병원",128.086480599028,35.0822158154719,"055-855-1112, 070-4567-9611",응급실운영신고기관
하남성심병원,광주광역시 광산구 용아로 259 하남성심병원 (산정동),126.800894228816,35.1664063968,"062-953-6000, 062-958-1250",지역응급의료기관
하늘정형외과의원,"인천광역시 중구 하늘중앙로 193, 조양타워 6층(일부),7층 605호, 701호 (중산동)",126.5632024449348,37.48951057425082,032-747-1321,응급실운영신고기관
하동중앙의원,경상남도 하동군 하동읍 연화길 6,127.75322730361014,35.07144347237017,"055-883-0222, 055-883-0222",응급실운영신고기관
학교법인 고려중앙학원 고려대학교의과대학부속병원(안암병원),"서울특별시 성북구 고려대로 73, 고려대병원 (안암동5가)",127.02647086385966,37.58715608002366,"1577-0083, 02-920-5374",권역응급의료센터
학교법인 춘해병원,"부산광역시 부산진구 중앙대로 605, 지상1층~지상9층 (범천동)",129.05854773411613,35.147036979509224,"051-638-8000, 051-608-0119",지역응급의료기관
학교법인)동의병원,"부산광역시 부산진구 양정로 62, 지상2ㆍ3ㆍ10층 각 일부/ 지하1ㆍ지상1ㆍ지상4~지상8층 전층 (양정동)",129.0767443760438,35.169922174960384,"051-867-5101, 051-850-8777",지역응급의료기관
학교법인가톨릭학원가톨릭대학교대전성모병원,대전광역시 중구 대흥로 64 (대흥동),127.42027313317438,36.32302490017959,"042-220-9114, 042-220-9118",지역응급의료센터
학교법인가톨릭학원가톨릭대학교서울성모병원,서울특별시 서초구 반포대로 222 (반포동),127.00472725970137,37.501800804785276,"0215881511, 02-2258-2370",지역응급의료센터
학교법인건양교육재단건양대학교병원,"대전광역시 서구 관저동로 158, 건양대학교병원 &#40;관저동&#41;",127.34263046359918,36.306711701457246,"1577-3330, 042-600-9119",권역응급의료센터
학교법인건양교육재단건양대학교부여병원,충청남도 부여군 부여읍 계백로 200,126.90169662482884,36.275554094438235,"041-837-1200, 041-837-1201",지역응급의료기관
학교법인동은학원순천향대학교부속천안병원,충청남도 천안시 동남구 순천향6길 31 (봉명동),127.135666806479,36.8023584971179,"041-570-2114, 041-590-7019",권역응급의료센터
학교법인성균관대학삼성창원병원,"경상남도 창원시 마산회원구 팔용로 158 (합성동, 삼성창원병원)",128.592430520838,35.242599227316994,"055-233-8899, 055-233-6119",권역응급의료센터
학교법인울산공업학원울산대학교병원,"울산광역시 동구 대학병원로 25, 울산대학교병원 (전하동)",129.4288047478,35.5200593154,"052-250-7000, 052-250-7000",권역응급의료센터
학교법인을지학원대전을지대학교병원,대전광역시 서구 둔산서로 95 (둔산동),127.38199955857135,36.355068712678154,"042-611-3000, 042-259-1119",지역응급의료센터
학교법인을지학원의정부을지대학교병원,"경기도 의정부시 동일로 712, 을지대학교 의정부캠퍼스 및 부속병원 (금오동)",127.050695679688,37.7518290378344,"031-951-1000, 031-8074-0119",지역응급의료센터
한강수병원,"서울특별시 영등포구 영등포로 83, 한강수병원 (양평동1가)",126.890913736375,37.5224047841717,"02-1800-7119, 02-2063-8413",응급실운영신고기관
한국보훈복지의료공단 부산보훈병원,부산광역시 사상구 백양대로 420 (주례동),129.00656514354415,35.15333436517864,"051-601-6000, 051-601-6180",지역응급의료기관
한국보훈복지의료공단 인천보훈병원,"인천광역시 미추홀구 인주대로 138, 인천보훈병원 지(1,2),1~7층 (용현동)",126.6526043685,37.4557028395,032-363-9800,응급실운영신고기관
한국보훈복지의료공단 중앙보훈병원,서울특별시 강동구 진황도로61길 53 (둔촌동),127.14671886173552,37.528220900896635,"02-2225-1111, 02-2225-1100",지역응급의료센터
한국보훈복지의료공단대구보훈병원,대구광역시 달서구 월곡로 60 (도원동),128.55164640976287,35.80313747018647,"053-630-7000, 053-630-7014",지역응급의료기관
한국원자력의학원원자력병원,"서울특별시 노원구 노원로 75, 한국원자력의학원 (공릉동)",127.08269315796588,37.628815981330355,"02-970-2114, 02-970-2620",지역응급의료기관
한림대학교강남성심병원,"서울특별시 영등포구 신길로 1 (대림동, 강남성심병원)",126.9086725295,37.4932492859,"02-829-5114, 02-829-5119",지역응급의료센터
한림대학교동탄성심병원,경기도 화성시 큰재봉길 7 (석우동),127.08000809235827,37.216650193541184,"031-8086-3000, 031-8086-2119",지역응급의료센터
한림대학교성심병원,경기도 안양시 동안구 관평로170번길 22 (평촌동),126.9619708207,37.3916511961,"031-380-1500, 031-380-1500",권역응급의료센터
한림대학교춘천성심병원,강원특별자치도 춘천시 삭주로 77 (교동),127.73989454269613,37.88413581388737,"033-240-5000, 033-240-5219",권역응급의료센터
한림대학교한강성심병원,"서울특별시 영등포구 버드나루로7길 12 (영등포동7가, 한강성심병원)",126.91033000120589,37.52346674579277,"02-2639-5114, 02-2639-5555",응급실운영신고기관
한마음병원,제주특별자치도 제주시 연신로 52   (이도이동),126.54622454609037,33.4962612399279,"064-750-9000, 064-750-9119",지역응급의료센터
한양대학교구리병원,경기도 구리시 경춘로 153 (교문동),127.13250756940002,37.6012760077,"1644-9118, 1644-9118",지역응급의료센터
한양대학교병원,서울특별시 성동구 왕십리로 222-1 (사근동),127.04488284061982,37.559944533564746,"02-2290-8114, 02-2290-8284",권역응급의료센터
한일병원,"경상남도 진주시 범골로 17, 한일병원 지하1 1~7층 (충무공동)",128.128547657113,35.16696519825003,"055-759-7777, 055-750-1333",지역응급의료센터
함양성심병원,경상남도 함양군 함양읍 고운로 70,127.72924773802185,35.52046827900683,"055-963-4322, 055-964-4322",지역응급의료기관
해남우리종합병원,전라남도 해남군 옥천면 해남로 597,126.64658297551144,34.58423738321411,"061530-7000, 061-530-7119",지역응급의료기관
해피뷰병원,광주광역시 북구 경열로 216 (유동),126.9066923373126,35.15846280570811,"062-519-9000, 062-519-9119",응급실운영신고기관
행복한병원,경상남도 밀양시 하남읍 수산중앙로 56-2,128.7114865036199,35.37461994215032,055-391-0090,응급실운영신고기관
행복한병원,"대구광역시 달성군 유가읍 테크노순환로12길 4, 1층,4~6층(1층 사우나홀,113~117호,119~120호,405~407호,5층,601~607호",128.47043956090056,35.69330550768229,"053-210-8000, 053-210-8082",응급실운영신고기관
현대병원,경기도 남양주시 진접읍 봉현로 21,127.17984989970033,37.715486551355895,"031-574-9118~9, 031-574-0114",지역응급의료센터
현대병원,충청남도 아산시 시민로 388 (온천동),127.00097027728451,36.78311829920936,"041-546-3636, 041-546-7744",지역응급의료기관
현대유비스병원,인천광역시 미추홀구 독배로 503 (숭의동),126.64314168953122,37.461743833494644,"032-888-7575, 032-890-5582",지역응급의료기관
혜민병원,서울특별시 광진구 자양로 85 (자양동),127.08360130258502,37.535315660180416,"02-2049-9000, 02-2049-9119",지역응급의료기관
혜성병원,"경기도 남양주시 경춘로1308번길 4, 1층일부~10층 (평내동)",127.238321935956,37.6501095660175,0318151119,응급실운영신고기관
홍익병원,"서울특별시 양천구 목동로 225, 홍익병원본관 (신정동)",126.8636640030062,37.52844147447355,"02-2693-5555, 02-2600-0777",지역응급의료기관
홍천아산병원,강원특별자치도 홍천군 홍천읍 산림공원1길 17,127.89490721695594,37.69082165229579,"033-430-5211, 033-430-5119",지역응급의료기관
화성디에스병원,"경기도 화성시 남양읍 시청로160번길 46-13, 1,3~8층",126.82571090454118,37.19922971137399,"1600-5982, 031-5180-7777",지역응급의료기관
화성유일병원,경기도 화성시 남양읍 남양로920번길 6,126.83265357240964,37.21778332253106,"031-355-0119, 031-351-0129",응급실운영신고기관
화순고려병원,전라남도 화순군 화순읍 충의로 109,126.98963562835072,35.05595373646754,"061-370-3700, 061-370-3778",응급실운영신고기관
화순성심병원,전라남도 화순군 화순읍 만연로 31,126.98987847235264,35.05844089636795,"061-370-9114, 061-370-9118",응급실운영신고기관
화순전남대학교병원,전라남도 화순군 화순읍 서양로 322,127.002108292339,35.0586707410237,"061-379-7120, 061-379-8882",지역응급의료센터
화천군보건의료원,강원특별자치도 화천군 화천읍 강변로 111 (화천군보건의료원),127.708883438378,38.1073824571151,"033-441-4000, 033-440-2880",지역응급의료기관
횡성대성병원,강원특별자치도 횡성군 횡성읍 횡성로 275,127.97994775890871,37.47845901170136,"033-343-0901, 033-345-1191",지역응급의료기관
효산의료재단안양샘병원,"경기도 안양시 만안구 삼덕로 9 (안양동, 안양샘병원)",126.92447734066778,37.39340413136221,"031-467-9717, 031-467-9119",지역응급의료센터
효산의료재단지샘병원,"경기도 군포시 군포로 591 (당동, (G샘병원)군포샘병원)",126.94735972779895,37.35864464913468,"031-389-3000, 031-389-3119",지역응급의료센터
효성시티병원,부산광역시 해운대구 해운대로 135 (재송동),129.12145899191526,35.18541271514478,"051-709-3000, 051-709-3119",응급실운영신고기관
흑룡의원,인천광역시 옹진군 백령면 백령로 831,124.6654985764,37.959524356,"032-837-6873, 032-837-3153",응급실운영신고기관
희명병원,서울특별시 금천구 시흥대로 244 (시흥동),126.90056251863875,37.45567063464179,"02-804-0002, 02-809-0122",지역응급의료기관
